{"cameraMode":{"drawMode":0,"name":"Shaded","section":"Shading Mode"},"sceneLighting":true,"audioPlay":false,"sceneViewState":{"m_AlwaysRefresh":false,"showFog":true,"showSkybox":true,"showFlares":true,"showImageEffects":true,"showParticleSystems":true,"showVisualEffectGraphs":true,"m_FxEnabled":true},"in2DMode":false,"pivot":{"x":330.3235778808594,"y":238.2960662841797,"z":-4.1165771484375},"rotation":{"x":0.0056901611387729649,"y":-0.006902672350406647,"z":-0.00003931780156563036,"w":-0.9999600648880005},"size":208.2805633544922,"orthographic":false}